{"cameraMode":{"drawMode":0,"name":"Shaded","section":"Shading Mode"},"sceneLighting":true,"audioPlay":false,"sceneViewState":{"showFog":false,"showMaterialUpdate":false,"showSkybox":false,"showFlares":false,"showImageEffects":false,"showParticleSystems":false,"showVisualEffectGraphs":true,"m_FxEnabled":true},"in2DMode":false,"pivot":{"x":0.003693103790283203,"y":-0.0020003318786621095,"z":-0.09289979934692383},"rotation":{"x":0.003217904595658183,"y":0.9911572933197022,"z":-0.019542450085282327,"w":0.1341658979654312},"size":12.12435531616211,"orthographic":false}