{"cameraMode":{"drawMode":0,"name":"Shaded","section":"Shading Mode"},"sceneLighting":true,"audioPlay":false,"sceneViewState":{"showFog":false,"showMaterialUpdate":false,"showSkybox":false,"showFlares":false,"showImageEffects":false,"showParticleSystems":false,"showVisualEffectGraphs":true,"m_FxEnabled":true},"in2DMode":false,"pivot":{"x":-4.487361907958984,"y":3.4419631958007814,"z":-26.826702117919923},"rotation":{"x":0.0016411329852417112,"y":0.9980545043945313,"z":0.016141289845108987,"w":-0.06640303879976273},"size":12.028510093688965,"orthographic":false}