{"cameraMode":{"drawMode":0,"name":"Shaded","section":"Shading Mode"},"sceneLighting":true,"audioPlay":false,"sceneViewState":{"showFog":false,"showMaterialUpdate":false,"showSkybox":false,"showFlares":false,"showImageEffects":false,"showParticleSystems":false},"in2DMode":false,"pivot":{"x":36.278526306152347,"y":2.4083971977233888,"z":-4.666079044342041},"rotation":{"x":0.007987875491380692,"y":0.7069025039672852,"z":-0.00769631564617157,"w":0.7073006629943848},"size":40.966156005859378,"orthographic":false}